분류,자치구,공연/행사명,날짜/시간,장소,기관명,이용대상,이용요금,출연자정보,프로그램소개,기타내용,홈페이지주소,대표이미지,신청일,시민/기관,시작일,종료일,테마분류,위도(X좌표),경도(Y좌표),유무료,문화포털상세URL
뮤지컬/오페라,종로구,2024 뮤지컬 노트르담 드 파리 - 한국어버전,2024-01-24~2024-03-24,세종대극장,세종문화회관,8세이상 관람 가능,"VIP석 170,000원 / R석 140,000원 / S석 110,000원 / A석 90,000원 / B석 70,000원",,,,https://www.sejongpac.or.kr/portal/performance/performance/view.do?performIdx=34777&menuNo=200004,https://culture.seoul.go.kr/cmmn/file/getImage.do?atchFileId=d28637ef36ea4b39b08d07ca28c11d8c&thumb=Y,2023-11-22,기관,00:00.0,00:00.0,기타,37.5726241,126.9760053,유료,https://culture.seoul.go.kr/culture/culture/cultureEvent/view.do?cultcode=144322&menuNo=200008
콘서트,마포구,마포아트센터 M 레트로 시리즈 2024 신년맞이 어떤가요 #7,2024-01-18~2024-01-18,마포아트센터 아트홀 맥 ,마포문화재단, 취학아동 이상 (2017년 포함 이전 출생자)," R석 66,000원/ S석 55,000원/ A석 44,000원","조성모, 뱅크(정시로)",,,https://www.mfac.or.kr/performance/whole_view.jsp?sc_b_category=17&sc_b_code=BOARD_1207683401&pk_seq=2285&page=1,https://culture.seoul.go.kr/cmmn/file/getImage.do?atchFileId=43bd8ae3612e4cb2bb3a7edf9186efbf&thumb=Y,2023-10-30,기관,00:00.0,00:00.0,기타,37.54990609,126.9455338,유료,https://culture.seoul.go.kr/culture/culture/cultureEvent/view.do?cultcode=143909&menuNo=200008
축제-시민화합,중구,서울라이트 DDP: DDP 새해맞이 카운트다운,2023-12-31~2014-01-01,,동대문디자인플라자,시민 누구나,,,,,https://ddp.or.kr/index.html?menuno=239&siteno=2&bbsno=608&boardno=16&bbstopno=608&act=view&subno=,https://culture.seoul.go.kr/cmmn/file/getImage.do?atchFileId=25c5d53884b2442ca9343dfea30f9e78&thumb=Y,2023-11-17,기관,00:00.0,00:00.0,,37.56681313,127.0096257,무료,https://culture.seoul.go.kr/culture/culture/cultureEvent/view.do?cultcode=144256&menuNo=200010
콘서트,강동구,"[강동문화재단] 크리스마스 콘서트, 선물",2023-12-24~2023-12-24,대극장 한강,강동문화재단,14세 이상 관람,"R석 88,000원 S석 77,000원 A석 66,000원", 노리플라이X정준일,,,https://www.gdfac.or.kr/web/lay2/program/S1T204C211/show/view.do?show_seq=2013&cpage=1&rows=999&keyword=&place=&start_dt=&end_dt=,https://culture.seoul.go.kr/cmmn/file/getImage.do?atchFileId=c0384cf9f66143ec8011d9ca3c9bd308&thumb=Y,2023-11-04,기관,00:00.0,00:00.0,기타,37.55122046,127.1573425,유료,https://culture.seoul.go.kr/culture/culture/cultureEvent/view.do?cultcode=144027&menuNo=200008
무용,노원구,동화 뮤지컬 발레 [빨간모자],2023-12-23~2023-12-23,노원어린이극장,노원문화재단,36개월 이상,"전석 20,000원",,,,https://www.nowonarts.kr/html/pe/performancedetail.php?param_url=https%3A%2F%2Fwww.nowonarts.kr%2Fhtml%2Fpe%2Fperformanceinfo.php%3F%26cate%3D%26skin%3D%26search_state%3D1%26search_syear%3D%26search_smonth%3D%26search_eyear%3D%26search_emonth%3D%26search_order%3D%26search_startPage%3D&idx=356,https://culture.seoul.go.kr/cmmn/file/getImage.do?atchFileId=c850afe422bc41b0a71f38330b21e88d&thumb=Y,2023-11-23,기관,00:00.0,00:00.0,어린이/청소년 문화행사,37.65445005,127.0636923,유료,https://culture.seoul.go.kr/culture/culture/cultureEvent/view.do?cultcode=144339&menuNo=200008
콘서트,구로구,[구로문화재단] 주현미 콘서트,2023-12-23~2023-12-23,구로아트밸리 예술극장,구로문화재단,8세이상 관람가,"R석 90,000원, S석 60,000원",,,,https://www.guroartsvalley.or.kr/user/performance/performanceView.do?performanceSeq=3697&page=2,https://culture.seoul.go.kr/cmmn/file/getImage.do?atchFileId=c3282ef9b0074786a6610329fc416d8e&thumb=Y,2023-11-02,기관,00:00.0,00:00.0,기타,37.49655847,126.8889639,유료,https://culture.seoul.go.kr/culture/culture/cultureEvent/view.do?cultcode=143978&menuNo=200008
콘서트,강북구,딕펑스×두번째달_Spice of life,2023-12-23~2023-12-23,꿈의숲 퍼포먼스홀,세종문화회관,만 8세 이상,"전석 45,000원",,,,https://www.sejongpac.or.kr/portal/performance/performance/view.do?performIdx=34449&menuNo=200004,https://culture.seoul.go.kr/cmmn/file/getImage.do?atchFileId=d5e5494491b1481081180ac991c410db&thumb=Y,2023-09-19,기관,00:00.0,00:00.0,,37.62025446,127.0443247,유료,https://culture.seoul.go.kr/culture/culture/cultureEvent/view.do?cultcode=143406&menuNo=200008
축제-기타,광진구,2023 한강페스티벌 겨울 [Hangang River Festival-Winter],2023-12-22~2023-12-31,한강공원 일대,한강사업본부,누구나,무료(일부 프로그램 유료),,,,https://festival.seoul.go.kr/hangang,https://culture.seoul.go.kr/cmmn/file/getImage.do?atchFileId=989de15a1c564c63bd4f65efca8037b3&thumb=Y,2023-11-10,기관,00:00.0,00:00.0,기타,37.53895578,127.0416692,무료,https://culture.seoul.go.kr/culture/culture/cultureEvent/view.do?cultcode=144137&menuNo=200010
클래식,종로구,"177회 정기연주 [겨울, 다시 겨울]",2023-12-22~2023-12-23,세종체임버홀,세종문화회관,만7세 이상(취학아동 이상 관람 가능),"전석 20,000원",,,,https://www.sejongpac.or.kr/portal/performance/performance/view.do?performIdx=34769&menuNo=200004,https://culture.seoul.go.kr/cmmn/file/getImage.do?atchFileId=b2c615d3428640b1b78135b052229586&thumb=Y,2023-11-17,기관,00:00.0,00:00.0,,37.5726241,126.9760053,유료,https://culture.seoul.go.kr/culture/culture/cultureEvent/view.do?cultcode=144260&menuNo=200008
축제-문화/예술,중구,서울라이트 DDP 2023 겨울,2023-12-21~2024-01-01,"어울림광장, 디자인거리 등 야외",서울디자인재단,누구나,,,,,https://ddp.or.kr/index.html?menuno=239&siteno=2&bbsno=605&boardno=16&bbstopno=605&act=view&subno=2,https://culture.seoul.go.kr/cmmn/file/getImage.do?atchFileId=f6a852b03a2a4741a5425e8cd037ca20&thumb=Y,2023-11-10,기관,00:00.0,00:00.0,가족 문화행사,37.56681313,127.0096257,무료,https://culture.seoul.go.kr/culture/culture/cultureEvent/view.do?cultcode=144153&menuNo=200010
축제-문화/예술,중구,DDP 겨울축제,2023-12-21~2023-12-31,DDP 일대,동대문디자인플라자,누구나,,,,,https://ddp.or.kr/index.html?menuno=239&siteno=2&bbsno=607&boardno=16&bbstopno=607&act=view&subno=,https://culture.seoul.go.kr/cmmn/file/getImage.do?atchFileId=2664f5f0b6074fedb8466ec5867f9f8a&thumb=Y,2023-11-13,기관,00:00.0,00:00.0,기타,37.56681313,127.0096257,무료,https://culture.seoul.go.kr/culture/culture/cultureEvent/view.do?cultcode=144183&menuNo=200010
기타,중구,제10회 서울퓨처포럼 : All in AI,2023-12-21~2023-12-21,"DDP 아트홀 2관, 컨퍼런스룸",동대문디자인플라자,홈페이지 참고," 참가비 770,000원 (부분무료관람)",,,,https://ddp.or.kr/index.html?menuno=239&siteno=2&bbsno=609&boardno=16&bbstopno=609&act=view&subno=,https://culture.seoul.go.kr/cmmn/file/getImage.do?atchFileId=5a6997095a674287b586d4f0e21af01a&thumb=Y,2023-11-16,기관,00:00.0,00:00.0,기타,37.56681313,127.0096257,유료,https://culture.seoul.go.kr/culture/culture/cultureEvent/view.do?cultcode=144250&menuNo=200013
콘서트,마포구,2023 마포아트센터 송년콘서트 [나윤선 ANOTHER CHRISTMAS],2023-12-20~2023-12-20,마포아트센터 아트홀 맥트 ,마포문화재단,8세 이상,"R석(1층) 55,000원/ S석(2층) 35,000원"," 나윤선, 막심 산체스, 토니 팰만",,,http://www.mfac.or.kr/performance/whole_view.jsp?sc_b_category=17&sc_b_code=BOARD_1207683401&pk_seq=2280&page=1,https://culture.seoul.go.kr/cmmn/file/getImage.do?atchFileId=1d32080e118249d7b74dbbeb7109611d&thumb=Y,2023-10-19,기관,00:00.0,00:00.0,기타,37.54990609,126.9455338,유료,https://culture.seoul.go.kr/culture/culture/cultureEvent/view.do?cultcode=143792&menuNo=200008
뮤지컬/오페라,서초구,서초문화원 [2023년 송년음악회],2023-12-20~2023-12-20,서초문화예술회관 1층 아트홀,서초문화원,누구나,,,대중에게 익숙한 선율의 '프랑스 오페라 갈라 콘서트' 부터 다가오는 크리스마스를 만끽 할 수 있는 '크리스마스 캐롤' 까지! 연말을 맞이한 서초문화원의 음악선물,,http://socc.or.kr/bbs/board.php?bo_table=sub05_01&wr_id=307,https://culture.seoul.go.kr/cmmn/file/getImage.do?atchFileId=ac80ade12ee445ca921423eab0a08939&thumb=Y,2023-11-21,기관,00:00.0,00:00.0,가족 문화행사,37.48170939,127.0358612,무료,https://culture.seoul.go.kr/culture/culture/cultureEvent/view.do?cultcode=144309&menuNo=200008
클래식,송파구,강남심포니오케스트라 제101회 정기연주회,2023-12-19~2023-12-19,롯데콘서트홀,강남문화재단,취학아동 이상 관람가,"R석 3만원, S석 2만원, A석 1만원",,,,https://www.gangnam.go.kr/office/gfac/board/gfac_perform05/70/view.do?mid=gfac_perform0101,https://culture.seoul.go.kr/cmmn/file/getImage.do?atchFileId=3a219fb8e2214499bca7f10f722b644e&thumb=Y,2023-11-23,기관,00:00.0,00:00.0,기타,37.51375196,127.1044469,유료,https://culture.seoul.go.kr/culture/culture/cultureEvent/view.do?cultcode=144330&menuNo=200008
축제-문화/예술,중구,"제1회 서울공예문화축제 ; 공예, 꽃을 피우다",2023-12-17~2023-12-18,한국의 집,기타,일반시민,,,,,https://sccfc.co.kr/,https://culture.seoul.go.kr/cmmn/file/getImage.do?atchFileId=bfeb8bde66124a8facd79b8135f4d6c4&thumb=Y,2023-11-15,시민,00:00.0,00:00.0,기타,37.5602983,126.9947541,무료,https://culture.seoul.go.kr/culture/culture/cultureEvent/view.do?cultcode=144231&menuNo=200010
콘서트,관악구,2023 관악겨울예술축제 송년패키지,2023-12-16~2023-12-28,관악아트홀 공연장,관악문화재단,만 8세 이상,R석 5만원 S석 3만원,,,,https://gfac.or.kr/site/main/performance/93/view,https://culture.seoul.go.kr/cmmn/file/getImage.do?atchFileId=6f70cc0b9f5d480793c45b40cb713b18&thumb=Y,2023-11-23,기관,00:00.0,00:00.0,기타,37.46755336,126.9449624,유료,https://culture.seoul.go.kr/culture/culture/cultureEvent/view.do?cultcode=144333&menuNo=200008
콘서트,성북구,[윈터 콘서트 : 짙은] 머무른 때에 짙어지고,2023-12-16~2023-12-16,"꿈빛극장 (서울 성북구 길음로 7길 20, 서울성북미디어문화마루 4층)",성북문화재단,8세 이상 (취학 아동 관람 가능),전석 4만원,,,,https://www.sbculture.or.kr/culture/main/contents.do?menuNo=500191,https://culture.seoul.go.kr/cmmn/file/getImage.do?atchFileId=4be9607fd52f493cbfe626fd831b386e&thumb=Y,2023-11-15,기관,00:00.0,00:00.0,기타,37.60375521,127.0222037,유료,https://culture.seoul.go.kr/culture/culture/cultureEvent/view.do?cultcode=144223&menuNo=200008
연극,금천구,너나나시리즈 유아소리극 [환영해],2023-12-16~2023-12-16,금나래아트홀,금천문화재단,"8-18개월 아기와 보호자, 임신부",감동기부 (공연 정보란 참고),,,,https://gcfac.or.kr/performance/commonView?gcfac_menu_cd=U0007&currRow=1&seq_no=3570&perDisGubun=performance&returnURI=%2Fperformance%2FcurrentList&serhDate=&serhPerforDisplay=&serhTitle=,https://culture.seoul.go.kr/cmmn/file/getImage.do?atchFileId=6993cb95e40f4f418dc17b6e55f7e2c1&thumb=Y,2023-11-23,기관,00:00.0,00:00.0,어린이/청소년 문화행사,37.45657851,126.8959725,유료,https://culture.seoul.go.kr/culture/culture/cultureEvent/view.do?cultcode=144337&menuNo=200008
전시/미술,중구,DDP 오픈큐레이팅 vol.31 [상실의 기록 - 소생하는 기억의 틈]展,2023-12-15~2024-03-31,DDP 갤러리문,동대문디자인플라자,누구나,,,,,https://ddp.or.kr/index.html?menuno=239&siteno=2&bbsno=505&boardno=15&bbstopno=505&act=view&subno=,https://culture.seoul.go.kr/cmmn/file/getImage.do?atchFileId=abf96c1539324e74ae9ddd32a93c9ac9&thumb=Y,2023-11-22,기관,00:00.0,00:00.0,기타,37.56681313,127.0096257,무료,https://culture.seoul.go.kr/culture/culture/cultureEvent/view.do?cultcode=144316&menuNo=200009
축제-기타,종로구,서울윈터페스타 2023,2023-12-15~2024-01-21,"광화문광장, 청계천 등",서울시청,누구나,,,,,https://culture.seoul.go.kr,https://culture.seoul.go.kr/cmmn/file/getImage.do?atchFileId=6c12a52c12fd4bc7b058678cc1669fdd&thumb=Y,2023-11-23,기관,00:00.0,00:00.0,가족 문화행사,37.57184786,126.9761683,무료,https://culture.seoul.go.kr/culture/culture/cultureEvent/view.do?cultcode=144323&menuNo=200010
무용,종로구,A+(에이플러스),2023-12-15~2023-12-17,세종S씨어터,세종문화회관,2016년 12월 31일 출생자까지,"전석 30,000원",,,,https://www.sejongpac.or.kr/portal/performance/performance/view.do?performIdx=34688&menuNo=200004,https://culture.seoul.go.kr/cmmn/file/getImage.do?atchFileId=48318a6639f34dff9e7befe61c65f444&thumb=Y,2023-11-20,기관,00:00.0,00:00.0,기타,37.5726241,126.9760053,유료,https://culture.seoul.go.kr/culture/culture/cultureEvent/view.do?cultcode=144298&menuNo=200008
무용,마포구,2023 M 송년시리즈 발레 [호두까기 인형],2023-12-15~2023-12-17,마포아트센터 아트홀맥,마포문화재단,48개월 이상," R석 70,000원 S석 60,000원 A석 50,000원",,,,https://www.mfac.or.kr/performance/whole_view.jsp?sc_b_category=17&sc_b_code=BOARD_1207683401&pk_seq=2279&page=1,https://culture.seoul.go.kr/cmmn/file/getImage.do?atchFileId=f624469769504fa6a08d8fac8646e373&thumb=Y,2023-10-19,기관,00:00.0,00:00.0,기타,37.54990609,126.9455338,유료,https://culture.seoul.go.kr/culture/culture/cultureEvent/view.do?cultcode=143791&menuNo=200008
연극,노원구,매직드로잉 가족극 [두들팝],2023-12-15~2023-12-16,노원어린이극장,노원문화재단,36개월 이상,"전석 30,000원",,,,https://www.nowonarts.kr/html/pe/performancedetail.php?param_url=https%3A%2F%2Fwww.nowonarts.kr%2Fhtml%2Fpe%2Fperformanceinfo.php%3F%26cate%3D%26skin%3D%26search_state%3D1%26search_syear%3D%26search_smonth%3D%26search_eyear%3D%26search_emonth%3D%26search_order%3D%26search_startPage%3D&idx=355,https://culture.seoul.go.kr/cmmn/file/getImage.do?atchFileId=abcd23b408f54cb69a350b548ae00d44&thumb=Y,2023-11-15,기관,00:00.0,00:00.0,어린이/청소년 문화행사,37.65445005,127.0636923,유료,https://culture.seoul.go.kr/culture/culture/cultureEvent/view.do?cultcode=144211&menuNo=200008
연극,종로구,2023 연말가족공연 [구두쇠 스크루지 - 크리스마스 캐럴],2023-12-15~2023-12-15,종로 아이들극장,종로문화재단,만 36개월 이상,"전석 30,000원",,,,https://www.jfac.or.kr/site/child/childProgram/view?pgIdx=292&pgCatCode=,https://culture.seoul.go.kr/cmmn/file/getImage.do?atchFileId=dde3bdffa867494fa4ac91b0c27733a2&thumb=Y,2023-11-14,기관,00:00.0,00:00.0,어린이/청소년 문화행사,37.59046055,126.9987986,유료,https://culture.seoul.go.kr/culture/culture/cultureEvent/view.do?cultcode=144204&menuNo=200008
전시/미술,중구,[서울시립미술관] 구본창의 항해,2023-12-14~2024-03-10,서울시립미술관 서소문본관,서울시립미술관,전체관람가,,,,,https://sema.seoul.go.kr/kr/whatson/exhibition/detail?exNo=1244356,https://culture.seoul.go.kr/cmmn/file/getImage.do?atchFileId=27ca985ee5054673a524b6965f59a6ab&thumb=Y,2023-11-15,기관,00:00.0,00:00.0,기타,37.56410607,126.9736993,무료,https://culture.seoul.go.kr/culture/culture/cultureEvent/view.do?cultcode=144229&menuNo=200009
무용,중구,국립무용단 [묵향],2023-12-14~2023-12-17,국립극장 해오름,국립극장,초등학생 이상 관람가,"VIP석 7만원, R석 5만원, S석 3만원, A석 2만원",국립무용단,,,https://me2.do/5xLarB5U,https://culture.seoul.go.kr/cmmn/file/getImage.do?atchFileId=308094dc98924f2382cd22d1390d55ea&thumb=Y,2023-11-09,기관,00:00.0,00:00.0,,37.55199491,126.9992673,유료,https://culture.seoul.go.kr/culture/culture/cultureEvent/view.do?cultcode=144106&menuNo=200008
클래식,종로구,"[서울시합창단 제 167회 정기연주회] 헨델, 오라토리오 메시아",2023-12-14~2023-12-15,세종체임버홀,세종문화회관,만 7세 이상,"전석 30,000원",,,,https://www.sejongpac.or.kr/portal/performance/performance/view.do?performIdx=33868&menuNo=200004,https://culture.seoul.go.kr/cmmn/file/getImage.do?atchFileId=f8ac574a2e6b4e498421d4ed8438a6c7&thumb=Y,2023-10-19,기관,00:00.0,00:00.0,기타,37.5726241,126.9760053,유료,https://culture.seoul.go.kr/culture/culture/cultureEvent/view.do?cultcode=143797&menuNo=200008
전시/미술,중구,"[시민청] X-Color ; 해방구 (부제: 용서, 치유, 화해의 별)",2023-12-13~2023-12-19, 서울시청 시민청 지하 1층 시민플라자 A,시민청,시민 누구나,,,,,https://www.seoulcitizenshall.kr/?r=sch&m=program2&cate=&ing=active&sort=uid&mod=view&p=1&uid=2746,https://culture.seoul.go.kr/cmmn/file/getImage.do?atchFileId=c9de2b64e7b7439ebf8f9428efa1288e&thumb=Y,2023-11-10,기관,00:00.0,00:00.0,기타,37.566635,126.978675,무료,https://culture.seoul.go.kr/culture/culture/cultureEvent/view.do?cultcode=144139&menuNo=200009
전시/미술,종로구,"2023 창신소통공작소 [영 아티스트 레지던시] 작가 결과 전 - Same space, Different dreams",2023-12-12~2023-12-16,창신소통공작소(창신6가길 47),종로문화재단,누구나 관람 가능,무료,"권혜승작가, 조민열작가",창신소통공작소에서 선정되어 활동 중인 작가 두 명인 권혜승과 조민열이 창신동의 지역성을 작가 개개인의 해석을 통해 다르게 표현한 전시,,https://www.jfac.or.kr/site/main/program/perf_exhi_list_view?pgIdx=2165,https://culture.seoul.go.kr/cmmn/file/getImage.do?atchFileId=e64cd47ff6464da1bba9cf1ade956d4f&thumb=Y,2023-11-20,기관,00:00.0,00:00.0,기타,37.57620547,127.0123954,무료,https://culture.seoul.go.kr/culture/culture/cultureEvent/view.do?cultcode=144291&menuNo=200009
클래식,송파구,[서울모테트합창단 제125회 정기연주회] 창단 35주년 기념 마스터피스 시리즈 III  바흐 크리스마스 오라토리오,2023-12-12~2023-12-12,롯데콘서트홀,기타,초등학생 이상 관람 가능 (미취학 아동 입장 불가),R석 : 10만원 / S석 : 7만원 / A석 : 5만원 / B석 : 3만원 / C석 : 2만원,"지휘 : 박치용 / 소프라노 오은경, 카운터테너 장정권, 테너 김효종, 베이스 이건욱",바흐 <크리스마스 오라토리오>,,https://blog.naver.com/motetpark/223258876168,https://culture.seoul.go.kr/cmmn/file/getImage.do?atchFileId=ef78097c881b4acc8d5fcd4539c1802c&thumb=Y,2023-11-15,시민,00:00.0,00:00.0,,37.51375196,127.1044469,유료,https://culture.seoul.go.kr/culture/culture/cultureEvent/view.do?cultcode=144218&menuNo=200008
콘서트,마포구,"[2023 카즈미 타테이시 트리오 내한공연] 크리스마스, 재즈를 만나다",2023-12-10~2023-12-10,마포아트센터 아트홀 맥,기타,만 7세 이상,"VIP석 77,000원 / R석 66,000원 / S석 55,000원 / A석 44,000원",,"Let It Snow, White Christmas 등 재즈로 즐기는 크리스마스의 특별한 선율",,https://tickets.interpark.com/goods/23012376,https://culture.seoul.go.kr/cmmn/file/getImage.do?atchFileId=1d4309b7571e4ad5aab07a8811b72f91&thumb=Y,2023-09-11,시민,00:00.0,00:00.0,기타,37.54990609,126.9455338,유료,https://culture.seoul.go.kr/culture/culture/cultureEvent/view.do?cultcode=143244&menuNo=200008
교육/체험,중구,"[서소문성지 역사박물관] 특별기획전 '모든 이를 위하여' 연계 심포지엄 '대한민국과 교황청, 함께 공동선을 향하여'",2023-12-09~2023-12-09,서소문성지 역사박물관 B1 명례방,기타,누구나 ,,,,,https://www.seosomun.org/programs/view.do?pType=E&pNo=96,https://culture.seoul.go.kr/cmmn/file/getImage.do?atchFileId=7f34919f76fd47cb89f529ac9e024fc8&thumb=Y,2023-11-22,시민,00:00.0,00:00.0,기타,37.56056785,126.9688672,무료,https://culture.seoul.go.kr/culture/culture/cultureEvent/view.do?cultcode=144314&menuNo=200011
클래식,강동구,디토 오케스트라 정기연주회 [BEETHOVEN NO.9],2023-12-09~2023-12-09,대극장 한강,강동문화재단,8세 이상 관람가,"R석 70,000원, S석 50,000원, A석 30,000원",,,,https://www.gdfac.or.kr/web/lay2/program/S1T204C211/show/view.do?show_seq=2010&cpage=1&rows=999&keyword=&place=&start_dt=&end_dt=,https://culture.seoul.go.kr/cmmn/file/getImage.do?atchFileId=049299fc2f134eef994a86e24f49874b&thumb=Y,2023-11-04,기관,00:00.0,00:00.0,기타,37.55122046,127.1573425,유료,https://culture.seoul.go.kr/culture/culture/cultureEvent/view.do?cultcode=144026&menuNo=200008
뮤지컬/오페라,종로구,2023 오페라 갈라 콘서트,2023-12-09~2023-12-09,세종대극장,세종문화회관,만 7세 이상,"VIP석 120,000원 R석 100,000원 S석 80,000원 A석 50,000원 B석 30,000원",,,,https://www.sejongpac.or.kr/portal/performance/performance/view.do?performIdx=33854&menuNo=200004,https://culture.seoul.go.kr/cmmn/file/getImage.do?atchFileId=fb5ce4b0fbbe432480b394f10d0df5cb&thumb=Y,2023-11-17,기관,00:00.0,00:00.0,기타,37.5726241,126.9760053,유료,https://culture.seoul.go.kr/culture/culture/cultureEvent/view.do?cultcode=144259&menuNo=200008
클래식,종로구,세종CEO합창단 제15회 정기연주회,2023-12-09~2023-12-09,세종체임버홀,세종문화회관,전체 관람가(연령제한 없음),전석 무료 초대,,,,https://www.sejongpac.or.kr/portal/performance/performance/view.do?performIdx=34760&menuNo=200004,https://culture.seoul.go.kr/cmmn/file/getImage.do?atchFileId=d68eb45e67bc48d6869bdb2f796f1a8a&thumb=Y,2023-11-20,기관,00:00.0,00:00.0,,37.5726241,126.9760053,무료,https://culture.seoul.go.kr/culture/culture/cultureEvent/view.do?cultcode=144303&menuNo=200008
콘서트,마포구,[서울마포음악창작소] 2023 M 인디열전 ♪ EXTENSION,2023-12-08~2023-12-09,마포아트센터 아트홀맥,마포문화재단,누구나,R석 3만원 / S석 2만원,,,,https://mapoindie.or.kr/sub/program/program_view.asp?mode=view&idx=1147,https://culture.seoul.go.kr/cmmn/file/getImage.do?atchFileId=2a5cb250e1a04b86a928b1d867181298&thumb=Y,2023-11-15,기관,00:00.0,00:00.0,,37.55506905,126.9575349,유료,https://culture.seoul.go.kr/culture/culture/cultureEvent/view.do?cultcode=144216&menuNo=200008
국악,금천구,[너나나시리즈] 국악뮤지컬 제비씨의 크리스마스,2023-12-08~2023-12-09,금나래아트홀,금천문화재단,36개월 이상,전석 2만원,,,,https://gcfac.or.kr/performance/commonView?gcfac_menu_cd=U0007&currRow=1&seq_no=3569&perDisGubun=performance&returnURI=%2Fperformance%2FcurrentList&serhDate=&serhPerforDisplay=&serhTitle=,https://culture.seoul.go.kr/cmmn/file/getImage.do?atchFileId=ae60e64ee94d456e9ee738db4debe1ea&thumb=Y,2023-10-18,기관,00:00.0,00:00.0,기타,37.45657851,126.8959725,유료,https://culture.seoul.go.kr/culture/culture/cultureEvent/view.do?cultcode=143782&menuNo=200008
클래식,서초구,"제4회 장난감 음악제 The 4th Toy Music Festival, Seoul",2023-12-08~2023-12-09,"8일 (금) 성민아트홀, 9일 (토) 샤론홀",기타,홈페이지 참고,"전석 40,000원",,,,https://blog.naver.com/familyfolder/223256215282,https://culture.seoul.go.kr/cmmn/file/getImage.do?atchFileId=9e71baa349f54f4181d89e4a9e4a88c6&thumb=Y,2023-11-16,시민,00:00.0,00:00.0,기타,37.48943808,127.0082294,유료,https://culture.seoul.go.kr/culture/culture/cultureEvent/view.do?cultcode=144237&menuNo=200008
독주/독창회,강북구,정아연 피아노 독주회 MOZART 피아노 소나타 전곡 시리즈 I,2023-12-08~2023-12-08,꿈의숲 콘서트홀,세종문화회관,만 7세 이상 관람 가능,"전석 20,000원",,,,https://www.sejongpac.or.kr/portal/performance/performance/view.do?performIdx=34782&menuNo=200004,https://culture.seoul.go.kr/cmmn/file/getImage.do?atchFileId=6ac5dcf197dd4203af83d8ff268719e8&thumb=Y,2023-11-20,기관,00:00.0,00:00.0,기타,37.62025446,127.0443247,유료,https://culture.seoul.go.kr/culture/culture/cultureEvent/view.do?cultcode=144301&menuNo=200008
독주/독창회,종로구,채혜연 피아노독주회,2023-12-08~2023-12-08,세종체임버홀,세종문화회관,초등학생이상 관람가,"전석 10,000원",,,,https://www.sejongpac.or.kr/portal/performance/performance/view.do?performIdx=34662&menuNo=200004,https://culture.seoul.go.kr/cmmn/file/getImage.do?atchFileId=3b820744262c4c16b8e8154a8672d0fd&thumb=Y,2023-11-20,기관,00:00.0,00:00.0,기타,37.5726241,126.9760053,유료,https://culture.seoul.go.kr/culture/culture/cultureEvent/view.do?cultcode=144302&menuNo=200008
전시/미술,중구,서울시립미술관 [우리가 모여 산을 이루는 이야기],2023-12-07~2024-03-03,서울시립미술관 서소문본관 3층,서울시청,누구나,,,,,https://sema.seoul.go.kr/kr/whatson/exhibition/detail?exNo=1233185,https://culture.seoul.go.kr/cmmn/file/getImage.do?atchFileId=488b87e776a044b5bf376755084cf08d&thumb=Y,2023-10-13,기관,00:00.0,00:00.0,기타,37.56410607,126.9736993,무료,https://culture.seoul.go.kr/culture/culture/cultureEvent/view.do?cultcode=143690&menuNo=200009
축제-기타,마포구,[M클래식 축제] 마포공연예술관광페스티벌 [타케자와 유토 피아노 리사이틀],2023-12-07~2023-12-07,마포아트센터 아트홀 맥,마포문화재단,8세 이상,"R석 50,000원 / S석 30,000 / A석 20,000원",타케자와 유토 ,,,https://www.mfac.or.kr/performance/whole_view.jsp?sc_b_category=17&sc_b_code=BOARD_1207683401&pk_seq=2219&page=1,https://culture.seoul.go.kr/cmmn/file/getImage.do?atchFileId=98b236d199594782b856d8529279f60f&thumb=Y,2023-07-06,기관,00:00.0,00:00.0,기타,37.54990609,126.9455338,무료,https://culture.seoul.go.kr/culture/culture/cultureEvent/view.do?cultcode=142296&menuNo=200010
클래식,종로구,천예나 피아노 독주회,2023-12-07~2023-12-07,세종체임버홀,세종문화회관,미취학아동 입장불가,"전석 20,000원",,,,https://www.sejongpac.or.kr/portal/performance/performance/view.do?performIdx=34697&menuNo=200004,https://culture.seoul.go.kr/cmmn/file/getImage.do?atchFileId=414f3ad2076045a1b3bf883e847e5bb9&thumb=Y,2023-11-20,기관,00:00.0,00:00.0,기타,37.5726241,126.9760053,유료,https://culture.seoul.go.kr/culture/culture/cultureEvent/view.do?cultcode=144300&menuNo=200008
콘서트,중구,"[서울스테이지11] 오늘, 그리고 내일",2023-12-07~2023-12-07,서울시청 시민청 B1 활짝라운지,시민청,시민 누구나,,,,,https://www.seoulcitizenshall.kr/?r=sch&m=program2&cate=&ing=active&sort=uid&mod=view&p=1&uid=2747,https://culture.seoul.go.kr/cmmn/file/getImage.do?atchFileId=247c527e018f41999eb7e2fd9a0ec453&thumb=Y,2023-11-20,기관,00:00.0,00:00.0,기타,37.566635,126.978675,무료,https://culture.seoul.go.kr/culture/culture/cultureEvent/view.do?cultcode=144297&menuNo=200008
국악,종로구,2023 믹스드 오케스트라 Ⅱ [소리의 색채],2023-12-07~2023-12-07,세종대극장,세종문화회관,만 7세 이상 관람가,"VIP석 50,000원 / R석 40,000원 / S석 30,000원 / A석 20,000원",,,,https://www.sejongpac.or.kr/portal/performance/performance/view.do?performIdx=33862&menuNo=200004,https://culture.seoul.go.kr/cmmn/file/getImage.do?atchFileId=4473862e4cef483b9cfefe7b5dfcc560&thumb=Y,2023-10-25,기관,00:00.0,00:00.0,기타,37.5726241,126.9760053,유료,https://culture.seoul.go.kr/culture/culture/cultureEvent/view.do?cultcode=143876&menuNo=200008
클래식,서초구,정재원 피아노 독주회 [쇼팽의 4개의 발라드],2023-12-07~2023-12-07,예술의 전당 리사이틀홀,기타,누구나,전석 2만원,피아니스트 정재원 (성신여자대학교 음악대학 교수),"피아노의 시인 프레데릭 쇼팽의 발라드와 슈베르트 즉흥곡,바흐의 파르티타 1번 등 피아노 음악 레퍼토리의 정수를 들을 수 있는 음악회 ",,https://mobileticket.interpark.com/goods/23016674,https://culture.seoul.go.kr/cmmn/file/getImage.do?atchFileId=f34a191f53cb4bd88bade18c9c910d8e&thumb=Y,2023-11-16,시민,00:00.0,00:00.0,기타,37.4802402,127.0142152,유료,https://culture.seoul.go.kr/culture/culture/cultureEvent/view.do?cultcode=144240&menuNo=200008
교육/체험,은평구,[구립증산정보도서관] 2023 찾아가는 게임문화교실 2,2023-12-06~2023-12-27,4층 문화강좌실,은평구청,초등학교 3학년 ~ 6학년 12명,,,,,https://www.jsplib.or.kr/culture/event.asp?mode=view&lecture_seq=1836&listname=normal,https://culture.seoul.go.kr/cmmn/file/getImage.do?atchFileId=b20de9fa754942bea6c94054286634d0&thumb=Y,2023-11-12,기관,00:00.0,00:00.0,,37.582727,126.9075589,무료,https://culture.seoul.go.kr/culture/culture/cultureEvent/view.do?cultcode=144169&menuNo=200011
전시/미술,중구,[공간공모 지원사업] 도도 도,2023-12-06~2023-12-12,서울시청 시민청 지하 1층 시민플라자 A,북서울꿈의숲,시민 누구나,,,,,https://www.seoulcitizenshall.kr/?r=sch&m=program2&cate=&ing=active&sort=uid&mod=view&p=1&uid=2741,https://culture.seoul.go.kr/cmmn/file/getImage.do?atchFileId=3e4c95f97ba644238adfb7d78bc887be&thumb=Y,2023-11-06,기관,00:00.0,00:00.0,기타,37.566635,126.978675,무료,https://culture.seoul.go.kr/culture/culture/cultureEvent/view.do?cultcode=144046&menuNo=200009
전시/미술,서초구,2023 서울포토페스티벌 [제8회 대한민국사진축전],2023-12-06~2023-12-10,양재 aT센터 제1전시장,기타,전체관람가,,,,,https://www.at.or.kr/ac/event/acko311200/posterView.action?eventId=27375,https://culture.seoul.go.kr/cmmn/file/getImage.do?atchFileId=a6a5258e68f74c8cbf19bcfc51d13d44&thumb=Y,2023-11-15,시민,00:00.0,00:00.0,기타,37.46827871,127.0391364,무료,https://culture.seoul.go.kr/culture/culture/cultureEvent/view.do?cultcode=144230&menuNo=200009
클래식,서초구,고잉홈프로젝트: 베토벤 전곡 시리즈 1.,2023-12-06~2023-12-06,예술의전당 콘서트홀,기타,만7세 이상 누구나,"R석 100,000원 / S석 80,000원 / A석 50,000원 / B석 30,000원",고잉홈프로젝트,"베토벤 교향곡 1, 2, 3번",,https://www.sac.or.kr/site/main/show/show_view?SN=60342,https://culture.seoul.go.kr/cmmn/file/getImage.do?atchFileId=c790a9f87bcc495cbe0ec0de31e178ae&thumb=Y,2023-11-19,시민,00:00.0,00:00.0,기타,37.4802402,127.0142152,유료,https://culture.seoul.go.kr/culture/culture/cultureEvent/view.do?cultcode=144280&menuNo=200008
클래식,종로구,함께 한 여정 함께 할 미래,2023-12-06~2023-12-06,세종체임버홀,세종문화회관,2016년 이전 출생자 (2016년생 포함) 및 초등학생 이상 입장 가능,"R석 50,000원, S석 30,000원",,,,https://www.sejongpac.or.kr/portal/performance/performance/view.do?performIdx=34737&menuNo=200004,https://culture.seoul.go.kr/cmmn/file/getImage.do?atchFileId=678972da09c34adb988598d63edcae44&thumb=Y,2023-11-20,기관,00:00.0,00:00.0,기타,37.5726241,126.9760053,유료,https://culture.seoul.go.kr/culture/culture/cultureEvent/view.do?cultcode=144299&menuNo=200008
클래식,중랑구,[중랑문화재단] 마에스트로 금난새의 해설이 있는 클래식,2023-12-06~2023-12-06,중랑구민회관 대극장,중랑문화재단,만 6세 이상,,,,,https://www.jnfac.or.kr/festival/show_resv_view.html?pid=14&redir=%2Ffestival%2Fshow_resv.html%3Fstatus%3D%26year%3D%26sdate%3D%26edate%3D%26find%3D%26search%3D%26page%3D1,https://culture.seoul.go.kr/cmmn/file/getImage.do?atchFileId=42071e4b5c344d998f4de003435b0e2e&thumb=Y,2023-11-15,기관,00:00.0,00:00.0,기타,37.57408755,127.0851295,무료,https://culture.seoul.go.kr/culture/culture/cultureEvent/view.do?cultcode=144226&menuNo=200008
축제-기타,마포구,[M클래식 축제] 마포공연예술관광페스티벌 킷 암스트롱 피아노 리사이틀,2023-12-06~2023-12-06,마포아트센터 아트홀맥,마포문화재단,8세 이상,"R석 50,000원 / S석 30,000 / A석 20,000원",킷 암스트롱,,,https://www.mfac.or.kr/performance/whole_view.jsp?sc_b_category=17&sc_b_code=BOARD_1207683401&pk_seq=2218&page=1,https://culture.seoul.go.kr/cmmn/file/getImage.do?atchFileId=a746bbf37f4d439aa5a2711e6fbd6e54&thumb=Y,2023-07-06,기관,00:00.0,00:00.0,기타,37.54990609,126.9455338,유료,https://culture.seoul.go.kr/culture/culture/cultureEvent/view.do?cultcode=142295&menuNo=200010
콘서트,성동구,12월 문화가 흐르는 청계천의 밤,2023-12-06~2023-12-06,청계천박물관 3층 강당,청계천박물관,시민 누구나,,,,,https://museum.seoul.go.kr/cgcm/board/NR_boardList.do?bbsCd=1014,https://culture.seoul.go.kr/cmmn/file/getImage.do?atchFileId=0e1d6c7010e04413bf66f77d9c8edd7f&thumb=Y,2023-11-17,기관,00:00.0,00:00.0,기타,37.57126617,127.0350432,무료,https://culture.seoul.go.kr/culture/culture/cultureEvent/view.do?cultcode=144275&menuNo=200008
뮤지컬/오페라,서초구,All that Opera [라보엠],2023-12-05~2023-12-06,서초문화재단 반포심산아트홀,서초문화재단,초등학생 이상,"전석 2만원(서초구민 60%/ 서초문화재단 홈페이지 회원, 학생, 경로 50%)",,,,https://www.seochocf.or.kr/site/main/seocho/show/view?show_idx=638,https://culture.seoul.go.kr/cmmn/file/getImage.do?atchFileId=26428ec2292548618045cf7b71e8922c&thumb=Y,2023-11-19,기관,00:00.0,00:00.0,기타,37.49883446,126.9912425,유료,https://culture.seoul.go.kr/culture/culture/cultureEvent/view.do?cultcode=144282&menuNo=200008
클래식,마포구, M 아티스트 2023 김도현 피아노 리사이틀 II,2023-12-05~2023-12-05,마포아트센터 아트홀맥,마포문화재단, 8세이상관람가[미취학아동입장불가]," VIP석 55,000원, R석 44,000원, S석 33,000원",피아니스트 김도현,,,https://www.mfac.or.kr/performance/whole_view.jsp?sc_b_category=17&sc_b_code=BOARD_1207683401&pk_seq=2176&page=1,https://culture.seoul.go.kr/cmmn/file/getImage.do?atchFileId=6a59720cd9c34bbfa056eb6b5031f809&thumb=Y,2023-03-15,기관,00:00.0,00:00.0,기타,37.54990609,126.9455338,유료,https://culture.seoul.go.kr/culture/culture/cultureEvent/view.do?cultcode=141022&menuNo=200008
클래식,종로구,제53회 메시아 연주회,2023-12-05~2023-12-05,세종대극장,세종문화회관,취학 아동부터 입장 가능,"R석 70,000원 / S석 50,000원 / A석 30,000원 /  B석 20,000원",,,,https://www.sejongpac.or.kr/portal/performance/performance/view.do?performIdx=34754&menuNo=200004,https://culture.seoul.go.kr/cmmn/file/getImage.do?atchFileId=d932d07d04564f40892aadebe2b0e955&thumb=Y,2023-11-17,기관,00:00.0,00:00.0,기타,37.5726241,126.9760053,유료,https://culture.seoul.go.kr/culture/culture/cultureEvent/view.do?cultcode=144272&menuNo=200008
클래식,종로구,임유연 현아람 듀오 리사이틀,2023-12-05~2023-12-05,세종체임버홀,세종문화회관,미취학아동 입장불가,"전석 20,000원",,,,https://www.sejongpac.or.kr/portal/performance/performance/view.do?performIdx=34750&menuNo=200004,https://culture.seoul.go.kr/cmmn/file/getImage.do?atchFileId=d9958ba4e68d4afd9c8b2928d04c0b57&thumb=Y,2023-11-17,기관,00:00.0,00:00.0,기타,37.5726241,126.9760053,유료,https://culture.seoul.go.kr/culture/culture/cultureEvent/view.do?cultcode=144273&menuNo=200008
연극,은평구,[구립증산정보도서관] 은평문화재단 찾아가는 공연 가가호호 [제랄다와 거인],2023-12-05~2023-12-05,2층 소강당,은평구청,6세 이상 아동을 포함한 가족 80명 (보호자 동반),,,,,https://www.jsplib.or.kr/culture/event.asp?mode=view&lecture_seq=1841&listname=normal,https://culture.seoul.go.kr/cmmn/file/getImage.do?atchFileId=807496a7b2544d3cb3066898e17b7d3d&thumb=Y,2023-11-22,기관,00:00.0,00:00.0,,37.582727,126.9075589,무료,https://culture.seoul.go.kr/culture/culture/cultureEvent/view.do?cultcode=144317&menuNo=200008
콘서트,종로구,2023 기업인을 위한 서경 송년음악회,2023-12-04~2023-12-04,세종대극장,세종문화회관,8세 이상 관람가,전석 초대,,,,https://www.sejongpac.or.kr/portal/performance/performance/view.do?performIdx=34739&menuNo=200004,https://culture.seoul.go.kr/cmmn/file/getImage.do?atchFileId=fb2c86f9a1994394b59765f4ebccbf20&thumb=Y,2023-11-17,기관,00:00.0,00:00.0,,37.5726241,126.9760053,유료,https://culture.seoul.go.kr/culture/culture/cultureEvent/view.do?cultcode=144270&menuNo=200008
클래식,종로구,한지은 플루트 독주회 Musicographic I,2023-12-04~2023-12-04,세종체임버홀,세종문화회관,초등학생 이상 입장 가능,"전석 20,000원",,,,https://www.sejongpac.or.kr/portal/performance/performance/view.do?performIdx=34649&menuNo=200004,https://culture.seoul.go.kr/cmmn/file/getImage.do?atchFileId=934e04aec91e4d71a18613117b0588bf&thumb=Y,2023-11-17,기관,00:00.0,00:00.0,,37.5726241,126.9760053,유료,https://culture.seoul.go.kr/culture/culture/cultureEvent/view.do?cultcode=144271&menuNo=200008
클래식,마포구,[마포문화재단] Preview 2024 [보헤미아의 숲에서],2023-12-03~2023-12-10,마포아트센터 아트홀 맥,마포문화재단,8세이상관람가[미취학아동입장불가],"전석 1,000원",,,시작일자 및 종료일자를 이렇게 표기해주세요. '2023. 12. 3(일) 15시 / 12. 10(일) 15시' 감사합니다 ,https://www.mfac.or.kr/performance/whole_view.jsp?sc_b_code=BOARD_1207683401&sc_top_str=%EB%B3%B4%ED%97%A4%EB%AF%B8%EC%95%84&sc_str=%EC%9D%B8%EB%94%94&sc_type=1&pk_seq=2287&sc_cond=b_subject&page=1,https://culture.seoul.go.kr/cmmn/file/getImage.do?atchFileId=74f235ed3e594dad8ab3d9952d39fcdd&thumb=Y,2023-11-08,기관,00:00.0,00:00.0,기타,37.54990609,126.9455338,유료,https://culture.seoul.go.kr/culture/culture/cultureEvent/view.do?cultcode=144076&menuNo=200008
교육/체험,종로구,[2023 신진미술인 지원 프로그램] 연계 전시 리뷰,2023-12-03~2023-12-03,서울시립 미술아카이브 나눔동 2층 다목적홀,서울시립미술관,성인,,,,,https://sema.seoul.go.kr/kr/whatson/event/detail?evtNo=1245020,https://culture.seoul.go.kr/cmmn/file/getImage.do?atchFileId=02b0c01852be437eb6959b670d44e1bd&thumb=Y,2023-11-20,기관,00:00.0,00:00.0,기타,37.60802938,126.9721142,무료,https://culture.seoul.go.kr/culture/culture/cultureEvent/view.do?cultcode=144292&menuNo=200011
클래식,종로구,HPO 제12회 정기연주회,2023-12-03~2023-12-03,세종대극장,세종문화회관,취학 아동부터 입장 가능,"전석 10,000원",,,,https://www.sejongpac.or.kr/portal/performance/performance/view.do?performIdx=34676&menuNo=200004,https://culture.seoul.go.kr/cmmn/file/getImage.do?atchFileId=c3d2b6928f1e4f449635ae494d06b902&thumb=Y,2023-11-17,기관,00:00.0,00:00.0,기타,37.5726241,126.9760053,유료,https://culture.seoul.go.kr/culture/culture/cultureEvent/view.do?cultcode=144268&menuNo=200008
뮤지컬/오페라,종로구,뮤지컬 [맥베스],2023-12-02~2023-12-30,세종M씨어터,세종문화회관,만 12세 이상 관람가,"R 70,000원  S 50,000원  A 30,000원",,<html><head></head><body spellcheck=,,https://www.sejongpac.or.kr/portal/performance/performance/view.do?performIdx=33879&menuNo=200004,https://culture.seoul.go.kr/cmmn/file/getImage.do?atchFileId=21df18acb8c74b588d3a7ee4b2014afe&thumb=Y,2023-11-17,기관,00:00.0,00:00.0,,37.5726241,126.9760053,유료,https://culture.seoul.go.kr/culture/culture/cultureEvent/view.do?cultcode=144263&menuNo=200008
교육/체험,도봉구,[김근태기념도서관] 개관2주년 기념행사 [희망이 우리를 여기에],2023-12-02~2023-12-03,김근태기념도서관,도봉구청,누구나,무료,"방현석 작가, 신수정 평론가, 앙상블비플랫 외 다수",김근태기념도서관 개관 2주년 기념 행사 '희망이 우리를 여기에',,http://www.unilib.dobong.kr/board/list.do?a_num=19606946,https://culture.seoul.go.kr/cmmn/file/getImage.do?atchFileId=16d11e2b49e641819b88f443175d7648&thumb=Y,2023-11-20,기관,00:00.0,00:00.0,기타,37.68766744,127.0440199,무료,https://culture.seoul.go.kr/culture/culture/cultureEvent/view.do?cultcode=144305&menuNo=200011
클래식,구로구,구로구립소년소녀합창단 제13회 정기연주회 [Why We Sing],2023-12-02~2023-12-02,구로아트밸리예술극장,구로문화재단,5세이상,,,,,https://www.guroartsvalley.or.kr/user/performance/performanceView.do?performanceSeq=3713&page=1,https://culture.seoul.go.kr/cmmn/file/getImage.do?atchFileId=3853f80e2cac4253aed0c1e8a49eff63&thumb=Y,2023-11-14,기관,00:00.0,00:00.0,기타,37.49655847,126.8889639,무료,https://culture.seoul.go.kr/culture/culture/cultureEvent/view.do?cultcode=144199&menuNo=200008
콘서트,은평구,[은평문화재단] 포크콘서트-김광석과 친구들,2023-12-02~2023-12-02,은평문화예술회관 공연장,은평문화재단,취학아동이상 관람 가능,"1층 30,000원 2층 20,000원",,,,https://www.efac.or.kr//sub01/sub01.php?type=view&uid=3815,https://culture.seoul.go.kr/cmmn/file/getImage.do?atchFileId=ffe8f1adeb6343189f81e685f033f432&thumb=Y,2023-11-15,기관,00:00.0,00:00.0,기타,37.6039163,126.9283646,유료,https://culture.seoul.go.kr/culture/culture/cultureEvent/view.do?cultcode=144224&menuNo=200008
클래식,종로구,앙상블 뷰티풀 랑데부 제 6회 정기연주회 [로맨틱 헤븐],2023-12-02~2023-12-02,세종체임버홀,세종문화회관,만 7세 이상,"R석 50,000원 / S석 : 30,000원",,,,https://www.sejongpac.or.kr/portal/performance/performance/view.do?performIdx=34759&menuNo=200004,https://culture.seoul.go.kr/cmmn/file/getImage.do?atchFileId=9bf106110df24408aad91ea76a801e05&thumb=Y,2023-11-17,기관,00:00.0,00:00.0,,37.5726241,126.9760053,유료,https://culture.seoul.go.kr/culture/culture/cultureEvent/view.do?cultcode=144267&menuNo=200008
클래식,서초구,2023 제40회 대한민국국제음악제,2023-12-02~2023-12-02,예술의전당 콘서트홀,기타,7세 이상,"R석 100,000원 / S석 80,000원 / A석 50,000원 / B석 30,000원",,,,https://www.mak.or.kr:444/html/assct_event/international.asp?no=12168&skey=&sword=&size=5&page=1,https://culture.seoul.go.kr/cmmn/file/getImage.do?atchFileId=40edc15082cd4f83846e50aa7a176418&thumb=Y,2023-11-15,시민,00:00.0,00:00.0,기타,37.4802402,127.0142152,유료,https://culture.seoul.go.kr/culture/culture/cultureEvent/view.do?cultcode=144233&menuNo=200008
콘서트,종로구,2023 변진섭 전국투어 콘서트 : 변천사 - 서울,2023-12-02~2023-12-02,세종대극장,세종문화회관,8세 이상,"VIP석 132,000원 / R석 121,000원 / S석 110,000원",,,,https://www.sejongpac.or.kr/portal/performance/performance/view.do?performIdx=34545&menuNo=200004,https://culture.seoul.go.kr/cmmn/file/getImage.do?atchFileId=77ec47d1f2704d3a9b7c17a81e3d1576&thumb=Y,2023-11-17,기관,00:00.0,00:00.0,기타,37.5726241,126.9760053,유료,https://culture.seoul.go.kr/culture/culture/cultureEvent/view.do?cultcode=144264&menuNo=200008
클래식,강동구,선우예권&국립슬로박필하모닉오케스트라,2023-12-02~2023-12-02,강동아트센터 대극장 한강,강동문화재단,8세 이상 관람가,"R석 100,000원 S석 70,000원 A석 50,000원",,,,http://www.gdfac.or.kr/web/lay2/program/S1T204C211/show/view.do?show_seq=1968&cpage=1&rows=999&keyword=&place=&start_dt=&end_dt=,https://culture.seoul.go.kr/cmmn/file/getImage.do?atchFileId=7073489c754345da815a4e636546e3e5&thumb=Y,2023-08-22,기관,00:00.0,00:00.0,,37.55122046,127.1573425,유료,https://culture.seoul.go.kr/culture/culture/cultureEvent/view.do?cultcode=142864&menuNo=200008
교육/체험,마포구,[마포구립서강도서관] 12월 해봄맘껏Time 해봄아 노올자!,2023-12-01~2023-12-23,마포구립서강도서관 4층 어린이자료실 내 해봄,마포구청,어린이(초등학생),,,,,https://mplib.mapo.go.kr/sglib/MENU1199/PGM3028/eventDetail.do?currentPageNo=1&eventSn=7769,https://culture.seoul.go.kr/cmmn/file/getImage.do?atchFileId=1cf09cc9ed7d451898f329918fb544f9&thumb=Y,2023-11-15,기관,00:00.0,00:00.0,어린이/청소년 문화행사,37.5477397,126.9320894,무료,https://culture.seoul.go.kr/culture/culture/cultureEvent/view.do?cultcode=144234&menuNo=200011
뮤지컬/오페라,강북구,"뮤지컬 Rabbit, 잊혀진 암호명",2023-12-01~2023-12-10,꿈의숲 퍼포먼스홀,세종문화회관,7세 이상,"전석 55,000원",,,,https://www.sejongpac.or.kr/portal/performance/performance/view.do?performIdx=34203&menuNo=200004,https://culture.seoul.go.kr/cmmn/file/getImage.do?atchFileId=52ca6730877845e1bc138d1019b13ae2&thumb=Y,2023-11-17,기관,00:00.0,00:00.0,기타,37.62025446,127.0443247,유료,https://culture.seoul.go.kr/culture/culture/cultureEvent/view.do?cultcode=144269&menuNo=200008
연극,종로구,연극 [컬렉션],2023-12-01~2023-12-10,세종S씨어터,세종문화회관,만 13세 이상(중학생 이상) 관람가,"R석 45,000원 / S석 35,000원",,,,https://www.sejongpac.or.kr/portal/performance/performance/view.do?performIdx=33871&menuNo=200004,https://culture.seoul.go.kr/cmmn/file/getImage.do?atchFileId=ac579cba25bf43b690f7468387af7212&thumb=Y,2023-11-13,기관,00:00.0,00:00.0,기타,37.5726241,126.9760053,유료,https://culture.seoul.go.kr/culture/culture/cultureEvent/view.do?cultcode=144190&menuNo=200008
축제-문화/예술,영등포구,[영등포문화재단] 2023 누구나술술 [주간술술],2023-12-01~2023-12-09,서울 영등포구 도림로133길 15 술술센터,영등포문화재단,누구나,무료,,,,https://event-us.kr/yeongdeungpocultural/event/74848,https://culture.seoul.go.kr/cmmn/file/getImage.do?atchFileId=885df516703d418ea5e8e9399fffc44b&thumb=Y,2023-11-23,기관,00:00.0,00:00.0,기타,37.51301035,126.8941454,무료,https://culture.seoul.go.kr/culture/culture/cultureEvent/view.do?cultcode=144338&menuNo=200010
독주/독창회,종로구,김지은 피아노 독주회,2023-12-01~2023-12-01,세종체임버홀,세종문화회관,미취학아동입장불가,"전석 20,000원",,,,https://www.sejongpac.or.kr/portal/performance/performance/view.do?performIdx=34666&menuNo=200004,https://culture.seoul.go.kr/cmmn/file/getImage.do?atchFileId=7a59ea77b2644af6ab55bc1db557e08d&thumb=Y,2023-11-17,기관,00:00.0,00:00.0,기타,37.5726241,126.9760053,유료,https://culture.seoul.go.kr/culture/culture/cultureEvent/view.do?cultcode=144261&menuNo=200008
국악,종로구,제 3회 창작국악경연대회 [국악내일] 특전공연 현악앙상블 '4S' 광락,2023-12-01~2023-12-01,서울돈화문국악당,서울돈화문국악당,전체관람가,"전석 12,000원",,,,https://sdtt.or.kr/user/program/2023/12/1419,https://culture.seoul.go.kr/cmmn/file/getImage.do?atchFileId=49e4b3655bed4d3c8c9598a418ca4c88&thumb=Y,2023-11-13,기관,00:00.0,00:00.0,기타,37.57725028,126.9907307,유료,https://culture.seoul.go.kr/culture/culture/cultureEvent/view.do?cultcode=144182&menuNo=200008
콘서트,종로구,2023 이은미 LIVE TOUR [녹턴] 서울공연,2023-12-01~2023-12-01,세종대극장,세종문화회관,만 7세이상,"VIP석 143,000원 / R석 121,000원 / S석 110,000원 / A석 99,000원 / B석 88,000원 / C석 66,000원",,,,https://www.sejongpac.or.kr/portal/performance/performance/view.do?performIdx=34641&menuNo=200004,https://culture.seoul.go.kr/cmmn/file/getImage.do?atchFileId=a603572c54294dc0850c074b7410c788&thumb=Y,2023-11-13,기관,00:00.0,00:00.0,기타,37.5726241,126.9760053,유료,https://culture.seoul.go.kr/culture/culture/cultureEvent/view.do?cultcode=144191&menuNo=200008
교육/체험,종로구,[서울공예박물관] 공예도서실 초청 강연 : 아름다운 궁중채화의 세계,2023-12-01~2023-12-01,서울공예박물관 전시1동,서울공예박물관,모든 시민,,,,,https://craftmuseum.seoul.go.kr/progrm/view/218,https://culture.seoul.go.kr/cmmn/file/getImage.do?atchFileId=e486d1136ca043cdbb8d8da2820c584d&thumb=Y,2023-11-16,기관,00:00.0,00:00.0,기타,37.57664817,126.9835334,무료,https://culture.seoul.go.kr/culture/culture/cultureEvent/view.do?cultcode=144246&menuNo=200011
교육/체험,은평구,2023 서울시립 미술아카이브 주제연구포럼 [확장의 발단],2023-11-30~2023-12-14,서울시립 미술아카이브 나눔동 2층 다목적홀,서울시립미술관,성인,,,,,https://sema.seoul.go.kr/kr/whatson/event/detail?evtNo=1245752,https://culture.seoul.go.kr/cmmn/file/getImage.do?atchFileId=59ec01f46ecf4eaca858b59ce23225d8&thumb=Y,2023-11-22,기관,00:00.0,00:00.0,기타,37.60802938,126.9721142,무료,https://culture.seoul.go.kr/culture/culture/cultureEvent/view.do?cultcode=144320&menuNo=200011
연극,성북구,소리컬 [하늘 땅 바다 그리고 별],2023-11-30~2023-12-03,성북정보도서관 지하 1층 천장산우화극장,기타,발달장애아동과 가족 및 보호자,정가 2만원,"이지수, 유현정, 김동옥, 윤석준","하늘, 땅, 바다 각기 다른 존재가 세상의 공존을 깨우치는 이야기  ‘하늘’, ‘땅’, ‘바다’는 세상에서 자기가 최고라고 생각합니다. 하늘은 높이 높이 올라가 지구 너머 우주까지 가 봤고, 땅은 탄생과 죽음의 순환하는 시간을 경험했고, 바다는 넓고 깊은 물 속 신비한 생명을 담고 있습니다.  하늘, 땅, 바다는 자기 소리와 부딪히는 상대방이 거슬립니다. 하지만 별의 중재로 서로의 소리를 듣고 맞춰가는 기쁨을 느낍니다. 그리고 세상은 혼자만 있는 게 아니라 서로 공존하는 것임을 배웁니다.","*장애아동 및 보호자, 장애 단체 할인 가능합니다. 전화로 문의주세요.",https://tickets.interpark.com/goods/23016685,https://culture.seoul.go.kr/cmmn/file/getImage.do?atchFileId=fda454f1eb5f4cafb30d0e0bf816479c&thumb=Y,2023-11-16,시민,00:00.0,00:00.0,가족 문화행사,37.60500291,127.0507422,유료,https://culture.seoul.go.kr/culture/culture/cultureEvent/view.do?cultcode=144245&menuNo=200008
